--
-- PostgreSQL database dump
--

-- Dumped from database version 12.9 (Ubuntu 12.9-2.pgdg20.04+1)
-- Dumped by pg_dump version 12.9 (Ubuntu 12.9-2.pgdg20.04+1)

SET statement_timeout = 0;
SET lock_timeout = 0;
SET idle_in_transaction_session_timeout = 0;
SET client_encoding = 'UTF8';
SET standard_conforming_strings = on;
SELECT pg_catalog.set_config('search_path', '', false);
SET check_function_bodies = false;
SET xmloption = content;
SET client_min_messages = warning;
SET row_security = off;

DROP DATABASE universe;
--
-- Name: universe; Type: DATABASE; Schema: -; Owner: freecodecamp
--

CREATE DATABASE universe WITH TEMPLATE = template0 ENCODING = 'UTF8' LC_COLLATE = 'C.UTF-8' LC_CTYPE = 'C.UTF-8';


ALTER DATABASE universe OWNER TO freecodecamp;

\connect universe

SET statement_timeout = 0;
SET lock_timeout = 0;
SET idle_in_transaction_session_timeout = 0;
SET client_encoding = 'UTF8';
SET standard_conforming_strings = on;
SELECT pg_catalog.set_config('search_path', '', false);
SET check_function_bodies = false;
SET xmloption = content;
SET client_min_messages = warning;
SET row_security = off;

SET default_tablespace = '';

SET default_table_access_method = heap;

--
-- Name: extra_table; Type: TABLE; Schema: public; Owner: freecodecamp
--

CREATE TABLE public.extra_table (
    extra_table_id integer NOT NULL,
    name character varying(30) NOT NULL,
    num integer NOT NULL
);


ALTER TABLE public.extra_table OWNER TO freecodecamp;

--
-- Name: extra_table_extra_table_id_seq; Type: SEQUENCE; Schema: public; Owner: freecodecamp
--

CREATE SEQUENCE public.extra_table_extra_table_id_seq
    AS integer
    START WITH 1
    INCREMENT BY 1
    NO MINVALUE
    NO MAXVALUE
    CACHE 1;


ALTER TABLE public.extra_table_extra_table_id_seq OWNER TO freecodecamp;

--
-- Name: extra_table_extra_table_id_seq; Type: SEQUENCE OWNED BY; Schema: public; Owner: freecodecamp
--

ALTER SEQUENCE public.extra_table_extra_table_id_seq OWNED BY public.extra_table.extra_table_id;


--
-- Name: galaxy; Type: TABLE; Schema: public; Owner: freecodecamp
--

CREATE TABLE public.galaxy (
    galaxy_id integer NOT NULL,
    name character varying(30) NOT NULL,
    age_in_millions_of_years integer,
    distance_from_earth numeric(5,1),
    type text,
    has_life boolean
);


ALTER TABLE public.galaxy OWNER TO freecodecamp;

--
-- Name: galaxy_id_seq; Type: SEQUENCE; Schema: public; Owner: freecodecamp
--

CREATE SEQUENCE public.galaxy_id_seq
    AS integer
    START WITH 1
    INCREMENT BY 1
    NO MINVALUE
    NO MAXVALUE
    CACHE 1;


ALTER TABLE public.galaxy_id_seq OWNER TO freecodecamp;

--
-- Name: galaxy_id_seq; Type: SEQUENCE OWNED BY; Schema: public; Owner: freecodecamp
--

ALTER SEQUENCE public.galaxy_id_seq OWNED BY public.galaxy.galaxy_id;


--
-- Name: moon; Type: TABLE; Schema: public; Owner: freecodecamp
--

CREATE TABLE public.moon (
    moon_id integer NOT NULL,
    name character varying(30) NOT NULL,
    age_in_millions_of_years integer,
    distance_from_earth numeric(5,1),
    type text,
    has_life boolean,
    planet_id integer
);


ALTER TABLE public.moon OWNER TO freecodecamp;

--
-- Name: moon_id_seq; Type: SEQUENCE; Schema: public; Owner: freecodecamp
--

CREATE SEQUENCE public.moon_id_seq
    AS integer
    START WITH 1
    INCREMENT BY 1
    NO MINVALUE
    NO MAXVALUE
    CACHE 1;


ALTER TABLE public.moon_id_seq OWNER TO freecodecamp;

--
-- Name: moon_id_seq; Type: SEQUENCE OWNED BY; Schema: public; Owner: freecodecamp
--

ALTER SEQUENCE public.moon_id_seq OWNED BY public.moon.moon_id;


--
-- Name: planet; Type: TABLE; Schema: public; Owner: freecodecamp
--

CREATE TABLE public.planet (
    planet_id integer NOT NULL,
    name character varying(30) NOT NULL,
    age_in_millions_of_years integer,
    distance_from_earth numeric(5,1),
    type text,
    has_life boolean,
    star_id integer
);


ALTER TABLE public.planet OWNER TO freecodecamp;

--
-- Name: planet_id_seq; Type: SEQUENCE; Schema: public; Owner: freecodecamp
--

CREATE SEQUENCE public.planet_id_seq
    AS integer
    START WITH 1
    INCREMENT BY 1
    NO MINVALUE
    NO MAXVALUE
    CACHE 1;


ALTER TABLE public.planet_id_seq OWNER TO freecodecamp;

--
-- Name: planet_id_seq; Type: SEQUENCE OWNED BY; Schema: public; Owner: freecodecamp
--

ALTER SEQUENCE public.planet_id_seq OWNED BY public.planet.planet_id;


--
-- Name: star; Type: TABLE; Schema: public; Owner: freecodecamp
--

CREATE TABLE public.star (
    star_id integer NOT NULL,
    name character varying(30) NOT NULL,
    age_in_millions_of_years integer,
    distance_from_earth numeric(5,1),
    type text,
    has_life boolean,
    galaxy_id integer NOT NULL
);


ALTER TABLE public.star OWNER TO freecodecamp;

--
-- Name: star_id_seq; Type: SEQUENCE; Schema: public; Owner: freecodecamp
--

CREATE SEQUENCE public.star_id_seq
    AS integer
    START WITH 1
    INCREMENT BY 1
    NO MINVALUE
    NO MAXVALUE
    CACHE 1;


ALTER TABLE public.star_id_seq OWNER TO freecodecamp;

--
-- Name: star_id_seq; Type: SEQUENCE OWNED BY; Schema: public; Owner: freecodecamp
--

ALTER SEQUENCE public.star_id_seq OWNED BY public.star.star_id;


--
-- Name: extra_table extra_table_id; Type: DEFAULT; Schema: public; Owner: freecodecamp
--

ALTER TABLE ONLY public.extra_table ALTER COLUMN extra_table_id SET DEFAULT nextval('public.extra_table_extra_table_id_seq'::regclass);


--
-- Name: galaxy galaxy_id; Type: DEFAULT; Schema: public; Owner: freecodecamp
--

ALTER TABLE ONLY public.galaxy ALTER COLUMN galaxy_id SET DEFAULT nextval('public.galaxy_id_seq'::regclass);


--
-- Name: moon moon_id; Type: DEFAULT; Schema: public; Owner: freecodecamp
--

ALTER TABLE ONLY public.moon ALTER COLUMN moon_id SET DEFAULT nextval('public.moon_id_seq'::regclass);


--
-- Name: planet planet_id; Type: DEFAULT; Schema: public; Owner: freecodecamp
--

ALTER TABLE ONLY public.planet ALTER COLUMN planet_id SET DEFAULT nextval('public.planet_id_seq'::regclass);


--
-- Name: star star_id; Type: DEFAULT; Schema: public; Owner: freecodecamp
--

ALTER TABLE ONLY public.star ALTER COLUMN star_id SET DEFAULT nextval('public.star_id_seq'::regclass);


--
-- Data for Name: extra_table; Type: TABLE DATA; Schema: public; Owner: freecodecamp
--

INSERT INTO public.extra_table VALUES (1, 'nombre1', 1);
INSERT INTO public.extra_table VALUES (2, 'nombre2', 2);
INSERT INTO public.extra_table VALUES (3, 'nombre3', 3);


--
-- Data for Name: galaxy; Type: TABLE DATA; Schema: public; Owner: freecodecamp
--

INSERT INTO public.galaxy VALUES (1, 'via lactea', 50, 0.0, NULL, true);
INSERT INTO public.galaxy VALUES (2, 'andromeda', NULL, NULL, NULL, NULL);
INSERT INTO public.galaxy VALUES (3, 'roboto-1', NULL, NULL, NULL, NULL);
INSERT INTO public.galaxy VALUES (4, 'pinwheel', NULL, NULL, NULL, NULL);
INSERT INTO public.galaxy VALUES (5, 'sombrero', NULL, NULL, NULL, NULL);
INSERT INTO public.galaxy VALUES (6, 'Black eye', NULL, NULL, NULL, NULL);


--
-- Data for Name: moon; Type: TABLE DATA; Schema: public; Owner: freecodecamp
--

INSERT INTO public.moon VALUES (1, 'moon', NULL, NULL, NULL, NULL, 1);
INSERT INTO public.moon VALUES (2, 'calisto', NULL, NULL, NULL, NULL, 5);
INSERT INTO public.moon VALUES (3, 'harpalice', NULL, NULL, NULL, NULL, 5);
INSERT INTO public.moon VALUES (4, 'megaclite', NULL, NULL, NULL, NULL, 5);
INSERT INTO public.moon VALUES (5, 'herse', NULL, NULL, NULL, NULL, 5);
INSERT INTO public.moon VALUES (6, 'pasifae', NULL, NULL, NULL, NULL, 5);
INSERT INTO public.moon VALUES (7, 'caldona', NULL, NULL, NULL, NULL, 5);
INSERT INTO public.moon VALUES (8, 'cilene', NULL, NULL, NULL, NULL, 5);
INSERT INTO public.moon VALUES (9, 'eirene', NULL, NULL, NULL, NULL, 5);
INSERT INTO public.moon VALUES (10, 'isonoe', NULL, NULL, NULL, NULL, 5);
INSERT INTO public.moon VALUES (11, 'dia', NULL, NULL, NULL, NULL, 5);
INSERT INTO public.moon VALUES (12, 'eufeme', NULL, NULL, NULL, NULL, 5);
INSERT INTO public.moon VALUES (13, 'taigete', NULL, NULL, NULL, NULL, 5);
INSERT INTO public.moon VALUES (14, 'lisitea', NULL, NULL, NULL, NULL, 5);
INSERT INTO public.moon VALUES (15, 'filofrosine', NULL, NULL, NULL, NULL, 5);
INSERT INTO public.moon VALUES (16, 'yocasta', NULL, NULL, NULL, NULL, 5);
INSERT INTO public.moon VALUES (17, 'carpo', NULL, NULL, NULL, NULL, 5);
INSERT INTO public.moon VALUES (18, 'hegemone', NULL, NULL, NULL, NULL, 5);
INSERT INTO public.moon VALUES (19, 'erinome', NULL, NULL, NULL, NULL, 5);
INSERT INTO public.moon VALUES (20, 'arce', NULL, NULL, NULL, NULL, 5);
INSERT INTO public.moon VALUES (21, 'leda', NULL, NULL, NULL, NULL, 5);
INSERT INTO public.moon VALUES (22, 'aedea', NULL, NULL, NULL, NULL, 5);
INSERT INTO public.moon VALUES (23, 'pasitea', NULL, NULL, NULL, NULL, 5);
INSERT INTO public.moon VALUES (24, 'helike', NULL, NULL, NULL, NULL, 5);
INSERT INTO public.moon VALUES (25, 'calirroe', NULL, NULL, NULL, NULL, 5);


--
-- Data for Name: planet; Type: TABLE DATA; Schema: public; Owner: freecodecamp
--

INSERT INTO public.planet VALUES (1, 'tierra', NULL, NULL, NULL, NULL, 1);
INSERT INTO public.planet VALUES (2, 'mercurio', NULL, NULL, NULL, NULL, 1);
INSERT INTO public.planet VALUES (3, 'venus', NULL, NULL, NULL, NULL, 1);
INSERT INTO public.planet VALUES (4, 'marte', NULL, NULL, NULL, NULL, 1);
INSERT INTO public.planet VALUES (5, 'jupiter', NULL, NULL, NULL, NULL, 1);
INSERT INTO public.planet VALUES (6, 'saturno', NULL, NULL, NULL, NULL, 1);
INSERT INTO public.planet VALUES (7, 'urano', NULL, NULL, NULL, NULL, 1);
INSERT INTO public.planet VALUES (8, 'neptuno', NULL, NULL, NULL, NULL, 1);
INSERT INTO public.planet VALUES (9, 'ceris', NULL, NULL, NULL, NULL, 3);
INSERT INTO public.planet VALUES (10, 'eres', NULL, NULL, NULL, NULL, 4);
INSERT INTO public.planet VALUES (11, 'humea', NULL, NULL, NULL, NULL, 2);
INSERT INTO public.planet VALUES (12, 'makemake', NULL, NULL, NULL, NULL, 5);


--
-- Data for Name: star; Type: TABLE DATA; Schema: public; Owner: freecodecamp
--

INSERT INTO public.star VALUES (1, 'sol', 20, 50.0, NULL, false, 1);
INSERT INTO public.star VALUES (2, 'altair', NULL, NULL, NULL, NULL, 1);
INSERT INTO public.star VALUES (3, 'arcturus', NULL, NULL, NULL, NULL, 2);
INSERT INTO public.star VALUES (4, 'sirius', NULL, NULL, NULL, NULL, 3);
INSERT INTO public.star VALUES (5, 'anteres', NULL, NULL, NULL, NULL, 4);
INSERT INTO public.star VALUES (6, 'polaris', NULL, NULL, NULL, NULL, 5);


--
-- Name: extra_table_extra_table_id_seq; Type: SEQUENCE SET; Schema: public; Owner: freecodecamp
--

SELECT pg_catalog.setval('public.extra_table_extra_table_id_seq', 3, true);


--
-- Name: galaxy_id_seq; Type: SEQUENCE SET; Schema: public; Owner: freecodecamp
--

SELECT pg_catalog.setval('public.galaxy_id_seq', 6, true);


--
-- Name: moon_id_seq; Type: SEQUENCE SET; Schema: public; Owner: freecodecamp
--

SELECT pg_catalog.setval('public.moon_id_seq', 25, true);


--
-- Name: planet_id_seq; Type: SEQUENCE SET; Schema: public; Owner: freecodecamp
--

SELECT pg_catalog.setval('public.planet_id_seq', 12, true);


--
-- Name: star_id_seq; Type: SEQUENCE SET; Schema: public; Owner: freecodecamp
--

SELECT pg_catalog.setval('public.star_id_seq', 6, true);


--
-- Name: extra_table extra_table_name_key; Type: CONSTRAINT; Schema: public; Owner: freecodecamp
--

ALTER TABLE ONLY public.extra_table
    ADD CONSTRAINT extra_table_name_key UNIQUE (name);


--
-- Name: extra_table extra_table_pkey; Type: CONSTRAINT; Schema: public; Owner: freecodecamp
--

ALTER TABLE ONLY public.extra_table
    ADD CONSTRAINT extra_table_pkey PRIMARY KEY (extra_table_id);


--
-- Name: galaxy galaxy_name_key; Type: CONSTRAINT; Schema: public; Owner: freecodecamp
--

ALTER TABLE ONLY public.galaxy
    ADD CONSTRAINT galaxy_name_key UNIQUE (name);


--
-- Name: galaxy galaxy_pkey; Type: CONSTRAINT; Schema: public; Owner: freecodecamp
--

ALTER TABLE ONLY public.galaxy
    ADD CONSTRAINT galaxy_pkey PRIMARY KEY (galaxy_id);


--
-- Name: moon moon_name_key; Type: CONSTRAINT; Schema: public; Owner: freecodecamp
--

ALTER TABLE ONLY public.moon
    ADD CONSTRAINT moon_name_key UNIQUE (name);


--
-- Name: moon moon_pkey; Type: CONSTRAINT; Schema: public; Owner: freecodecamp
--

ALTER TABLE ONLY public.moon
    ADD CONSTRAINT moon_pkey PRIMARY KEY (moon_id);


--
-- Name: planet planet_name_key; Type: CONSTRAINT; Schema: public; Owner: freecodecamp
--

ALTER TABLE ONLY public.planet
    ADD CONSTRAINT planet_name_key UNIQUE (name);


--
-- Name: planet planet_pkey; Type: CONSTRAINT; Schema: public; Owner: freecodecamp
--

ALTER TABLE ONLY public.planet
    ADD CONSTRAINT planet_pkey PRIMARY KEY (planet_id);


--
-- Name: star star_name_key; Type: CONSTRAINT; Schema: public; Owner: freecodecamp
--

ALTER TABLE ONLY public.star
    ADD CONSTRAINT star_name_key UNIQUE (name);


--
-- Name: star star_pkey; Type: CONSTRAINT; Schema: public; Owner: freecodecamp
--

ALTER TABLE ONLY public.star
    ADD CONSTRAINT star_pkey PRIMARY KEY (star_id);


--
-- Name: moon moon_planet_id_fkey; Type: FK CONSTRAINT; Schema: public; Owner: freecodecamp
--

ALTER TABLE ONLY public.moon
    ADD CONSTRAINT moon_planet_id_fkey FOREIGN KEY (planet_id) REFERENCES public.planet(planet_id);


--
-- Name: planet planet_star_id_fkey; Type: FK CONSTRAINT; Schema: public; Owner: freecodecamp
--

ALTER TABLE ONLY public.planet
    ADD CONSTRAINT planet_star_id_fkey FOREIGN KEY (star_id) REFERENCES public.star(star_id);


--
-- Name: star star_galaxy_id_fkey; Type: FK CONSTRAINT; Schema: public; Owner: freecodecamp
--

ALTER TABLE ONLY public.star
    ADD CONSTRAINT star_galaxy_id_fkey FOREIGN KEY (galaxy_id) REFERENCES public.galaxy(galaxy_id);


--
-- PostgreSQL database dump complete
--

